publication date,job type,job,company,city,country
2023-05-31,external,Team Lead Cloud Success Architecture,Siemens,Środa Wielkopolska, Poland
2023-09-19,external,Relationship Banker - Washington Park Financial Center,Bank of America,Providence, RI
2023-10-03,external,Strategic Finance Business Partner,Adyen,San Francisco, CA
2023-09-21,external,"Senior Sales Manager, Tokyo",Adyen,Tokyo, Japan
2023-10-25,external,Financial Center Manager - Wayne Financial Center,Bank of America,Wayne, PA
2023-04-21,external,evosoft - Senior C# developer,Siemens,Szeged, Hungary
2023-11-01,external,Senior Value Engineer- Life Sciences,Celonis,Gloversville, NY
2023-10-11,external,"Customer Experience Assistant, Retail Sales",Brilliant Earth,Charlotte, NC
2023-10-19,external,Account Development Representative - EST/CST,Samsara Inc.,Flexible / Remote,
2023-03-30,external,召募令！西门子神秘岛探索之旅- 8月夏季峰会 (北京总部) ,Siemens,Beijing, China
2023-11-01,external,Market Financial Center Manager - Utah North Market,Bank of America,West Valley City, UT
2023-04-29,external,"DOD SkillBridge Internship - Technical Sales - Seattle, WA",Siemens,Bellevue, WA
2023-03-23,external,Energy / Performance Engineer 60-100%,Siemens,Luzern, Switzerland
2023-06-27,external,Sales Specialist Collaboration - Greece,Cisco Meraki,Athens, Greece
2023-09-22,external,Private Wealth Client Associate,Bank of America,Rochester, MA
2023-06-09,external,Backend/ Physical Design Engineer,Cisco Meraki,Netanya, Israel
2023-04-17,external,Cyber Security Expert (w/m/d),Siemens,Erlangen, Germany
2023-01-04,external,Junior Firmware Developer,Siemens,Braşov, Romania
2023-10-11,external,"Product Manager, Emergency Care",Philips,Bothell, WA
2023-03-09,external,Regional Sales Professional - EMS ADMS DERMS (remote West Coast),Siemens,Bend, OR
